{"mean":{"confidence_interval":{"confidence_level":0.95,"lower_bound":-0.11124997407488205,"upper_bound":-0.09483484452327137},"point_estimate":-0.10345061122500865,"standard_error":0.0041832152788213615},"median":{"confidence_interval":{"confidence_level":0.95,"lower_bound":-0.11984292045312106,"upper_bound":-0.1187062937688601},"point_estimate":-0.11918216211604038,"standard_error":0.0002935204812824141}}