{"mean":{"confidence_interval":{"confidence_level":0.95,"lower_bound":66509103.086500004,"upper_bound":67536346.55975002},"point_estimate":66997180.470000006,"standard_error":262004.53745280218},"median":{"confidence_interval":{"confidence_level":0.95,"lower_bound":66369958.4,"upper_bound":67311050.1},"point_estimate":66877950.0,"standard_error":255263.07584263207},"median_abs_dev":{"confidence_interval":{"confidence_level":0.95,"lower_bound":475970.18904984,"upper_bound":1557755.3385043165},"point_estimate":927613.2846915744,"standard_error":278466.6902894261},"slope":null,"std_dev":{"confidence_interval":{"confidence_level":0.95,"lower_bound":692807.7588020304,"upper_bound":1566478.3421170646},"point_estimate":1199832.1348508077,"standard_error":225146.8176084932}}