{"mean":{"confidence_interval":{"confidence_level":0.95,"lower_bound":-0.10514112338579755,"upper_bound":-0.07878034854632078},"point_estimate":-0.09307214279113463,"standard_error":0.006749391201981479},"median":{"confidence_interval":{"confidence_level":0.95,"lower_bound":-0.11926288775061739,"upper_bound":-0.11722032418851558},"point_estimate":-0.11859174392072169,"standard_error":0.0005205095476356281}}