{"mean":{"confidence_interval":{"confidence_level":0.95,"lower_bound":-0.07145172706756628,"upper_bound":-0.06698209130855202},"point_estimate":-0.06921802885082962,"standard_error":0.0011387773603709344},"median":{"confidence_interval":{"confidence_level":0.95,"lower_bound":-0.07123185426870093,"upper_bound":-0.06637379574380958},"point_estimate":-0.06886200418877819,"standard_error":0.0013724738725771953}}