{"mean":{"confidence_interval":{"confidence_level":0.95,"lower_bound":44240151.530920774,"upper_bound":45698147.79257328},"point_estimate":44916315.75411924,"standard_error":373554.4973499345},"median":{"confidence_interval":{"confidence_level":0.95,"lower_bound":43921736.75,"upper_bound":44353358.0},"point_estimate":44085465.69318181,"standard_error":228910.20408676416},"median_abs_dev":{"confidence_interval":{"confidence_level":0.95,"lower_bound":111073.00784680992,"upper_bound":929192.1407035453},"point_estimate":397177.12703734083,"standard_error":293474.4426211637},"slope":{"confidence_interval":{"confidence_level":0.95,"lower_bound":44467840.3938155,"upper_bound":46789499.15798696},"point_estimate":45715055.62996516,"standard_error":592683.186659013},"std_dev":{"confidence_interval":{"confidence_level":0.95,"lower_bound":938707.5921782268,"upper_bound":2091290.3878203484},"point_estimate":1713257.446654934,"standard_error":295950.91343882453}}