{"mean":{"confidence_interval":{"confidence_level":0.95,"lower_bound":58.212644042496336,"upper_bound":58.426691999623245},"point_estimate":58.312329069646715,"standard_error":0.055084735079474256},"median":{"confidence_interval":{"confidence_level":0.95,"lower_bound":58.126266438539986,"upper_bound":58.184652401294414},"point_estimate":58.152374903744644,"standard_error":0.017840870835668744},"median_abs_dev":{"confidence_interval":{"confidence_level":0.95,"lower_bound":0.23791914900189,"upper_bound":0.35656707656430475},"point_estimate":0.28414325008053465,"standard_error":0.030710056468922442},"slope":{"confidence_interval":{"confidence_level":0.95,"lower_bound":58.17325536572778,"upper_bound":58.51052905099343},"point_estimate":58.319107473228414,"standard_error":0.08741776692396401},"std_dev":{"confidence_interval":{"confidence_level":0.95,"lower_bound":0.6321760573005203,"upper_bound":1.239477862707153},"point_estimate":0.9492360457259914,"standard_error":0.15563645960011155}}