{"mean":{"confidence_interval":{"confidence_level":0.95,"lower_bound":-0.4610514708068542,"upper_bound":-0.4421135633883502},"point_estimate":-0.4506869836905517,"standard_error":0.0048624491249508565},"median":{"confidence_interval":{"confidence_level":0.95,"lower_bound":-0.4546998145357199,"upper_bound":-0.4515993117826852},"point_estimate":-0.45313626385326333,"standard_error":0.0007676757031419523}}