{"mean":{"confidence_interval":{"confidence_level":0.95,"lower_bound":494.1562799105946,"upper_bound":496.00302392928177},"point_estimate":495.0706488147637,"standard_error":0.47093700514828196},"median":{"confidence_interval":{"confidence_level":0.95,"lower_bound":493.5874470565059,"upper_bound":496.5007278020379},"point_estimate":495.25180819461093,"standard_error":0.7377467667553105},"median_abs_dev":{"confidence_interval":{"confidence_level":0.95,"lower_bound":7.0874978208980135,"upper_bound":9.15094698503947},"point_estimate":8.192828224914965,"standard_error":0.5407724364991388},"slope":{"confidence_interval":{"confidence_level":0.95,"lower_bound":494.5968492663305,"upper_bound":496.8979123020859},"point_estimate":495.7269258403273,"standard_error":0.5856091123672218},"std_dev":{"confidence_interval":{"confidence_level":0.95,"lower_bound":7.212518658803956,"upper_bound":9.160720674173994},"point_estimate":8.157372992851275,"standard_error":0.49807692764557504}}